Position,Const,Created,Modified,Description,Title,URL,Title Type,IMDb Rating,Runtime (mins),Year,Genres,Num Votes,Release Date,Directors
1,tt0149573,2017-04-13,2021-05-22,"This is the first epic in Indian Music History, I think. Every single song.

Dilka alam main kya batau tujhe, ek cheherene bahut pyar se dekha mujhe....

Jaane jigar jaaneman, tujhko hai meri kasam, tujo mujhe na mila marjaungi main sanam... janam jaane jaa... oh what a song.

Main dunya bhula dunga tere chahat main...

Bass ek sanam chahiye ashiqui ke liye...

Nazar ke samne jigar paas koi rehta hai woh ho tum...

Dheere dheere se mere zindagi mein ana, dheere dheere se dilko churana...

Abtere bin jeelenge hum, zeher zindagi ka peelenge hum... one of the greatest broken heart songs.

And my personal favorite: Tu... meri zindagi hai... tu... meri har khushi hai, tuhi pyar tuhi chaaat, tuhi ashiqi hai... Pehli mohabbat ka ehsas hai tu.. bujhke jo bujhna payi woh pyas hai tu...

The music was a cult hit and the hairstyle of [link=nm0747149]. It was called Rahul cutting in Bangladesh's most of the saloon.

Introducing the voice of [link=nm0764384].

Introducing mega-hit by Nadeem Shravan.",Aashiqui,https://www.imdb.com/title/tt0149573/,movie,6.3,152,1990,"Musical, Drama, Romance",1745,1990-07-23,Mahesh Bhatt
2,tt0156985,2021-03-03,2021-03-08,"Rehne ko ghar nahin sone ko bistar nahin, apna khuda hai rakhwala...

Hum tere bin kahin reh nahin pate, tum nahin aate to hum mar jaate... [link=nm0542317]

Tak dhin dhin tak, tak dhin dhin tak, milte hi tujhe dil nacch utha...

Zamane ke dekhe hai rang hazaar...

Tumhein Apna Banaane Ki... [link=nm0764384]

Jab jab pyar pe pehra hua hai, pyar aur bhi gehra, gehra, gehra, gehra hua hai...

Our first audio cd cassette when I was in class 6 may be, it was 1998. It was the only cd cassette we had that time so listening to this was a daily routine. I miss those days a lot.

The movie was also a cult hit because of its music from Nadeem-Shravan and the villain, cult villain in the history of Bollywood, [link=nm0025389].",Sadak,https://www.imdb.com/title/tt0156985/,movie,6.4,134,1991,"Action, Drama, Romance, Thriller",2527,1991-12-20,Mahesh Bhatt
3,tt0213753,2018-11-20,2021-05-22,"Epic music by [link=nm0006246].

Ae nazneen sunona... what a song, what a location. [link=nm0008711]

Imteha hum pyar ke leke raha dekhe kya hai natija... Dola dola dola mann dola dola dola...  what a devine voice of [link=nm0820204], I loved the lady voice [link=nm0841913]

Roja roja roja roja roja meri roja... ek nazar mein kho gaya dil pai tujhme pyar ki manzil... [link=nm0881291]

The movie is also a very cute love story. Sadly the hero is dead in real.

Hindi name is: Dil Hi DIl Mein.",Kadhalar Dinam,https://www.imdb.com/title/tt0213753/,movie,6.4,147,1999,"Drama, Musical, Romance",644,1999-07-09,Kathir
4,tt0114234,2021-03-04,2021-03-04,"Rangeela Re...

Hai Rama...

Kya Kare Kya Na Kare...

Tanha Tanha Yahan Pe Jeena...

Pyar Ye Jaane Kaisa...

Yaaro Sun Lo Zara...

Mangta Hai Kya...

A cult musical hit.

One of my most favorite movies.

[link=nm0006246] Aamir Khan, Ram Gopal, Jackie, what a combination.

This movie is an art.",Rangeela,https://www.imdb.com/title/tt0114234/,movie,7.5,142,1995,"Comedy, Drama, Musical, Romance",9607,1995-09-08,Ram Gopal Varma
5,tt0193102,2018-11-29,2021-03-15,"Just unforgettable music ever...

Dil Ka Kya Kasoor...

Milne Ki Tum Koshish Karna... [link=nm0080427]

Mera Sanam Sab Se Pyara Hai...

Dil Jiger Nazar Kya Hai... personal favorite

Khata To Jab Ho Ke...

Ga Raha Hoon Is Mehfil Mein...

[link=nm0764384] triumphant.

Nadeem-Shravan",Dil Ka Kya Kasoor,https://www.imdb.com/title/tt0193102/,movie,5.8,157,1992,"Musical, Romance",209,1992-01-14,Lawrence D'Souza
6,tt0328998,2017-04-13,2021-03-03,"Dil Laga Liya Maine Tumse Pyar Karke...

Kasam Khake Kaho, muskurake kaho, dil lagake kaho, tumko humse pyar hai... personal favoite.

O sahiba, O sahiba, milenge tumko toh batayenge ke kitna pyar hai humen...

Mohabbat Dil Ka Sakoon Hai Aetbar...

Mastaana mausam hai, rangeen nazaara
Dhadkan kya kehti hai, samjho ishaara
Aaj se jaaneman dil hai tumhaara... Singer: [link=nm0764384], [link=nm0621257], [link=nm0003504]",Dil Hai Tumhaara,https://www.imdb.com/title/tt0328998/,movie,5.4,210,2002,"Drama, Romance",1827,2002-09-06,Kundan Shah
7,tt0193449,2018-11-29,2021-03-15,"Tumhein Dekhen Meri Aankhein...

Teri Mohabbat Ne Dilme Makan Karliya... [link=nm0764384]

Tujhe Na Dekhoon...

Dil Cheer Ke Dekh Tera Hi Naam Hoga...

Nadeem-Shravan",Rang,https://www.imdb.com/title/tt0193449/,movie,4.9,150,1993,"Drama, Romance",205,1993-07-09,Talat Jani
8,tt0106270,2019-04-25,2021-03-04,"Choti si pyari si nannhi si ayi koi pari.... greatest children song. Both version, child version and [link=nm0621257] version.

Kya mausam aya hai... super nature song. what a voice, [link=nm0765071]

Rona Chahe Ro Na Paye... sad song

Jane jaaa jane jaaa rab teri duhai... super sad song.

[link=nm0893142] became my favorite actor.

Personal favorite movie + songs + comedy of [link=nm0505323] & [link=nm0073426]. 10/10",Anari,https://www.imdb.com/title/tt0106270/,movie,4.9,171,1993,"Comedy, Drama, Romance",458,1993-05-26,K. Muralimohana Rao
9,tt0238936,2019-04-24,2021-03-04,"Every single song. Gorgeous music. Gorgeous set. This movie is an art

Hamesha tumko chaha chaha chaha aur chaha...

Bairi piya barare be dardi...

Shesheko sheesha takraye.....

Silsila yeh chahat ka na maine bujhne dia ooo mmm... what a music [link=nm0200930]",Devdas,https://www.imdb.com/title/tt0238936/,movie,7.6,185,2002,"Drama, Musical, Romance",40573,2002-05-23,Sanjay Leela Bhansali
10,tt0112553,2017-04-13,2021-03-03,"Every single song.

AR Rahman's debut Hindi.

Tuhire tuhire tere bina main kaise jeeun... [link=nm0363028]... what a voice

Kehna hi kya yeh nain ek anjan si....

Kucchi kuchi rakma paas aye na...

and one and only - ""Bombay theme""",Bombay,https://www.imdb.com/title/tt0112553/,movie,8.1,141,1995,"Drama, Romance",12193,1995-03-10,Mani Ratnam
11,tt0156891,2019-04-11,2021-02-17,"These songs in a moonlit night, alone or with my love...

Tere dar par sanam chale aye...

Baadalon mein chup raha hai chand kyun...

Aane wala kal ek sapna hai gujra hua kal bas apna hai....",Phir Teri Kahani Yaad Aayee,https://www.imdb.com/title/tt0156891/,movie,5.8,105,1993,"Romance, Drama",280,1993-06-30,Mahesh Bhatt
12,tt0117437,2019-04-25,2021-03-15,"Every song is super.

Udit narayan at his best.

Aye ho mere zindagime tum bahar banke...

Pucho zara pucho mujhe kya hua hai....

Kitna pyara tujhe rab ne banaya jee kare dekhta rahoon...

Uff kya raat ayi hai mohabbat rang layi hai... Hum jashn manayenge, Sagar chalkayenge, Na hoshme ayenge... Tere Ishqme nachenge... dum dum diga diga... A cult hit

Childhood favorite.

Nadeem-Shravan.",Raja Hindustani,https://www.imdb.com/title/tt0117437/,movie,6.2,177,1996,"Action, Comedy, Drama, Musical, Romance",7433,1996-11-08,Dharmesh Darshan
13,tt0299108,2017-04-13,2021-03-03,"Zara zara... [link=nm1425113]

RHTDM...

O mama mama, hum sare hai mumbaiya...

Sach keh raha hai dewana, dil, dilna kisise lagana... heart broken song. [link=nm0433881]

Dil ko tumse pyar hua, pehli baar hua tumse pyar hua... personal favorite. Singer [link=nm0711756]",Rehnaa Hai Terre Dil Mein,https://www.imdb.com/title/tt0299108/,movie,7.6,160,2001,"Musical, Romance",7994,2001-10-19,Gautham Vasudev Menon
14,tt0105271,2018-11-20,2021-03-03,"Roja janeman, tu hi mera dil, tujh bin kaise jeena...  

Yeh haseen wadiyan yeh khula asmaan...

[link=nm0004416]... what a voice

Dil hai chota sa, choti si asha...",Roja,https://www.imdb.com/title/tt0105271/,movie,8.2,137,1992,"Drama, Romance, Thriller",12448,1992-08-15,Mani Ratnam
15,tt0099429,2021-03-04,2021-03-04,"Mujhe Neend Na Aaye...

Hum Pyaar Karne Wale, Dunya Se Na Darne Wale...

Hum Ne Ghar Chora Hai...

Khambe Jaise Khari Hai...

O Priyaa Priyaa, Kyun Bhula Diya...",Dil,https://www.imdb.com/title/tt0099429/,movie,6.7,172,1990,"Comedy, Drama, Romance",5176,1990-06-22,Indra Kumar
16,tt0112313,2021-03-08,2021-03-08,"Aisa Zakham Diya Hai, Jo Na Bharega, Har Haseen Chehre pe Ab Yeh Dil Darega...

Akele Hum Akele Tum... Great father son song

Raja Ko Rani Se Pyaar Ho Gaya...

Dil Mera Churaya Kyun...

Dil Kehta Hai Chal Unse Mil...",Akele Hum Akele Tum,https://www.imdb.com/title/tt0112313/,movie,7.0,160,1995,Drama,4927,1995-11-30,Mansoor Khan
17,tt0112459,2017-04-13,2021-05-22,"Humko sirf tumse pyar hai... the starting of the song is very long and I love this too much.

Nahin yeh hon sakta...

Teri adao pe marta hoon, love tujhe love mein karta hoon...",Barsaat,https://www.imdb.com/title/tt0112459/,movie,5.4,166,1995,"Action, Romance",1243,1995-10-06,Rajkumar Santoshi
18,tt0120540,2017-04-13,2021-02-18,"This is a perfect example of melody.

Mein koi aisa geet gaoon...

Chand tare...

Ekdin aap...

Suniye to...

Jaata hai tu kahan...

Choodi baji hai...

Personal favorite movie.",Yes Boss,https://www.imdb.com/title/tt0120540/,movie,6.8,163,1997,"Comedy, Drama, Musical, Romance",12997,1997-07-18,Aziz Mirza
19,tt0112870,2018-11-20,2021-02-15,"Tujhe dekha to yeh jana sanam... pyear hota hai deewana sanam...

Mehendi lagate rakhna...

Hogayi hai tujhko... and all other songs..

Most evergreen love story in history.",Dilwale Dulhania Le Jayenge,https://www.imdb.com/title/tt0112870/,movie,8.1,189,1995,"Drama, Romance",66726,1995-10-19,Aditya Chopra
20,tt0164538,2019-04-24,2021-02-23,"A.R. Rahman at his best.

Personal favorite.

Ae ajnabi....

Dilse re...

Chaiya chaiya...

Tuhi tu satrangi re... The video...

and a Tamil song Jiya jale jaa jale.. with SRK & Preity & the elephants.",Dil Se..,https://www.imdb.com/title/tt0164538/,movie,7.6,144,1998,"Drama, Romance",27951,1998-08-21,Mani Ratnam
21,tt0244794,2018-11-20,2021-10-05,"A remake of the epic Bangla Hothat Bristi. Which is still epic in music. This Hindi version has also great music.

Pehli pehli baar mohabbat ki hai kuch na samajhme aye mein kya karoon...

The title song... Sirf tum...

Cult hit... dilbar dilbar... 

Nature song... Panchchi sur mein gaate hai, bhavre gun gunate hai, ghungru bajate hawa...

Personal favorite movie.",Sirf Tum,https://www.imdb.com/title/tt0244794/,movie,6.1,150,1999,"Romance, Drama",1487,1999-06-11,Ahathian
22,tt0347304,2018-11-20,2021-02-23,"The title song is itself an epic. 

Har ghadi badal rahi hai roop zindagi
Chaon hai kabhi, kabhi hai dhoop zindagi
Har pal yahan jee bhar jiyo
Joh hai samaan kal ho naa ho...

Pretty woman...

Kuch to hua hai... ",Kal Ho Naa Ho,https://www.imdb.com/title/tt0347304/,movie,7.9,186,2003,"Comedy, Drama, Musical, Romance",66531,2003-11-27,Nikkhil Advani
23,tt0190419,2021-03-04,2021-03-04,"Aankhon Se Tune Yeh Kya...

Jadu Hai Tera Hi Jadu...

Ab Naam Mohabbat Ke Iljaam To Aya Hai...

Aati Kya Khandala... Cult hit",Ghulam,https://www.imdb.com/title/tt0190419/,movie,7.3,162,1998,"Action, Crime, Drama, Romance, Thriller",11210,1998-06-19,Vikram Bhatt
24,tt0126871,2018-11-29,2021-02-23,"One of the best among this list.

Koi na koi chahiye pyar karne wala...

Sochenge tumhein pyar kareke nahin.

I still listen very emotionally remembering... Teri ummeed tera intezar karte hai... Rip Rishi Kumar",Deewana,https://www.imdb.com/title/tt0126871/,movie,6.9,185,1992,"Action, Comedy, Crime, Musical, Romance",6495,1992-06-25,Raj Kanwar
25,tt0110222,2017-04-13,2021-02-23,"Ae kaash ke hum hosh me ab ane na paye... what a song...man!

One of the most evergreen movies, I can watch again and again.",Kabhi Haan Kabhi Naa,https://www.imdb.com/title/tt0110222/,movie,7.8,158,1994,"Comedy, Drama, Music, Musical, Romance",17905,1994-02-25,Kundan Shah
26,tt0392360,2018-11-20,2021-02-15,"A musical movie, an environmental, sad, sweet angry love story. All the music is good.

Sathya tune kya kiya... personal favorite.",Love,https://www.imdb.com/title/tt0392360/,movie,5.9,152,1991,"Drama, Musical, Romance",1370,1991-11-15,Suresh Krishna
27,tt0108144,2018-12-01,2021-02-23,"My personal favorite music. Every song is too good.

Sir sir o sir we love you...

Aaj humne dilka har...

Yeh ujli chandni jab...

Jis din suraj ki pehli kiran...

and one and only- Sun sun sun barsaat ki dhun sun...",Sir,https://www.imdb.com/title/tt0108144/,movie,6.3,151,1993,"Crime, Drama, Romance",351,1993-06-21,Mahesh Bhatt
28,tt0104561,2018-11-20,2021-02-23,"Most fresh song on the list. I can listen a million times together.

Pehla nasha...pehla khumar...naya pyar hai naya intezar... what a location, what a video... epic one.",Jo Jeeta Wohi Sikandar,https://www.imdb.com/title/tt0104561/,movie,8.2,174,1992,"Comedy, Drama, Romance, Sport",22658,1992-05-22,Mansoor Khan
29,tt0182251,2018-12-01,2021-02-23,"Good melodious warm light story movie. Personal favorite.

Pehli pehli bar jab pyar kisise hota hai...

Madhosh dil ki dhadkan...

Chal pyar karegi ha ji haji mere saath chalegi na ji na ji...

O jaana na jaana jaha bhi tu jaye tere piche aye yeh ashiq bada purana...

Iss dil mein kya hai dhadkan dhadkan mein kya hai sajan tu meri kya hai...",Jab Pyaar Kisise Hota Hai,https://www.imdb.com/title/tt0182251/,movie,5.9,154,1998,"Comedy, Drama, Romance",2692,1998-05-22,Deepak Sareen
30,tt0136352,2021-02-12,2021-02-16,"Dekha tujhe to ho gai diwani paloon ujhe to kho na jau kahin... One of my most favorite songs

Ghumte mein chanda hai phir bhi feyla charon oour ujala, hosh a kho de kahin josh mein dekhne wala...

Tanhayin tanhayin tanhayin dono ko paas le aayi...",Koyla,https://www.imdb.com/title/tt0136352/,movie,6.2,166,1997,"Action, Drama, Musical, Romance, Thriller",8682,1997-04-07,Rakesh Roshan
31,tt0248012,2019-04-24,2021-02-16,"I love these songs.

Tu hawa hai fiza hai zameen ki nahin tu ghata hai tu fir kyu barasti nahin udti rehti tu panchio ki tarah aa mere aashiyane me aa... 

Aahista pukaro sab sunlenge... 
aja mahiya...

Cult - mehboob mere mehboob mere... mujhe mast mohol mein jeene de...",Fiza,https://www.imdb.com/title/tt0248012/,movie,6.1,170,2000,"Action, Crime, Drama, Romance",4039,2000-09-08,Khalid Mohamed
32,tt0119239,2017-04-13,2021-02-15,"My first cassette I purchased when I was in class 5. Only for this song: Mere khawabon mein tu... mere sanso mein tu, mere baho mein tu dilki raho mein tu... raat din subho sham leke teara naam mere dilne kiye tujhe lakho salam... 

Nostalgic.

Mere sanam...

Mushkil bada yeh pyar hai...",Gupt: The Hidden Truth,https://www.imdb.com/title/tt0119239/,movie,7.3,173,1997,"Action, Crime, Mystery, Romance, Thriller",4876,1997-08-15,Rajiv Rai
33,tt0337611,2017-06-01,2021-02-15,"Jeeta tha jiske lie... one of the greatest broken heart songs.

kitna haseen chehra... ",Dilwale,https://www.imdb.com/title/tt0337611/,movie,5.7,172,1994,"Action, Drama, Romance",2841,1994-02-04,Harry Baweja
34,tt0101733,2018-11-20,2021-02-23,"Tu pyar hai kisi aur ki... tujhe chahata koi aur hai... what a sad broken heart song.

The title song...

Adaye bhi hai, mohabbat bhi hai, nazaqat bhi hai.... meri mehboob mein...",Dil Hai Ki Manta Nahin,https://www.imdb.com/title/tt0101733/,movie,7.3,154,1991,"Adventure, Comedy, Drama, Musical, Romance",4220,1991-07-12,Mahesh Bhatt
35,tt1166100,2021-02-02,2021-02-23,"Tu meri adhuri pyaass... hai guzariish...

Kaise mujhe tum mil gayi... This song reminds me of my college days, when it released, the next day was my final exam, yet I watched it to relax myself.",Ghajini,https://www.imdb.com/title/tt1166100/,movie,7.3,186,2008,"Action, Drama, Mystery, Thriller",58804,2008-12-24,A.R. Murugadoss
36,tt0107166,2018-11-20,2021-02-15,"Kash koi ladki mujhe pyar karti...

Ghunghat Ki Aaad Se Dilbar Ka...

Woh meri neend mera chain mujhe...",Hum Hain Rahi Pyar Ke,https://www.imdb.com/title/tt0107166/,movie,7.4,163,1993,"Comedy, Drama, Romance",5650,1993-07-05,Mahesh Bhatt
37,tt0102825,2018-11-20,2021-02-15,"Movie is itself an epic one. Soft melodious love story. Personal favorite. Every single song is great.

Mera dil bhi kitna pagal hai...

Bahut Pyar Karte Hai...

Jiye to jiye kaise...

Tu shayar hai...

Tumse milne ki tamanna...",Saajan,https://www.imdb.com/title/tt0102825/,movie,7.3,193,1991,"Drama, Musical, Romance",6565,1991-08-30,Lawrence D'Souza
38,tt0189492,2017-04-13,2021-02-15,"Jagjit Singh ghazal. Chtthi na koi sandes, jaane woh kaun sa des jahan tum chale gaye....

Awaz do humko hum kho gaye, kab nind se jaage kab so gaye....

Pyar ko ho jane do...

(Best villain)",Dushman,https://www.imdb.com/title/tt0189492/,movie,6.9,145,1998,"Crime, Drama, Thriller",1916,1998-05-29,Tanuja Chandra
39,tt0150992,2021-03-04,2021-03-09,"Chand Chupa Badal Mein... Personal favorite

Aankhon Ki Gustakhiyan...

Jhonka Hawa Ka... what a voice [link=nm0363028] I like the video, Salman's crying.

Most favorite: Tadap tadap ke is dil se aah nikalti rahi mujhko saza di pyar ki aisa kya gunah kia toh lut gaye ha lut gaye, to lut gaye hum teri mohabbat mein... devine singing by [link=nm0433881]

Music by [link=nm0200930]",Hum Dil De Chuke Sanam,https://www.imdb.com/title/tt0150992/,movie,7.5,177,1999,"Comedy, Drama, Musical, Romance",18025,1999-06-18,Sanjay Leela Bhansali
40,tt0106333,2017-04-13,2021-02-15,"Ae mere humsafar...the flute part.

Chuppana bhi nehi aata... broken heart song.

Mere dil tha akela... Shah Rukh rides a horse, a great scene..

Yeh kali kali aakhein... Anu Malik",Baazigar,https://www.imdb.com/title/tt0106333/,movie,7.7,175,1993,"Crime, Drama, Musical, Romance, Thriller",27220,1993-11-12,"Abbas Alibhai Burmawalla, Mastan Alibhai Burmawalla"
41,tt0307873,2019-04-24,2021-02-16,"One of the movie which have every song become very popular.

Main agar samne avi jaya karun...",Raaz,https://www.imdb.com/title/tt0307873/,movie,6.6,151,2002,"Drama, Horror, Musical, Mystery, Romance, Thriller",3296,2002-02-01,Vikram Bhatt
42,tt0227496,2017-04-13,2021-03-04,"Choomloon hooth tere.. dilki yehi khwash hai, baat yeh meri nahin pyar ki farmaesh hai... epic song. Kuman Sanu at his best.

The rating of this movie is lower, but I loved this movie very much. It's of my favorite comedy movies.",Shreemaan Aashique,https://www.imdb.com/title/tt0227496/,movie,4.8,152,1993,"Comedy, Romance",143,1993-03-05,Deepak Anand
43,tt0126234,2017-04-13,2021-02-23,Iss pyar se meri taraf na dekho... pyar ho jayega... Top 10 Romantic songs ever.,Chamatkar,https://www.imdb.com/title/tt0126234/,movie,6.6,171,1992,"Comedy, Drama, Fantasy",6030,1992-07-08,Rajiv Mehra
44,tt0272688,2020-11-06,2021-02-16,"Nadeem Shravan Music

Mohabbat ho najaye, deewana kho na jaye...

Kitni bechen hoke...

Zindagi ban gaye ho tum...

Every song is good.",Kasoor,https://www.imdb.com/title/tt0272688/,movie,6.0,151,2001,"Drama, Mystery, Thriller",976,2001-02-02,Vikram Bhatt
45,tt0110546,2019-05-07,2021-03-08,"Action blockbuster as well as a musically super hit.

Tu chiz badi hai mast mast...

Aye kash kahi aisa hota ke do dil hote seene mein...

Subah se lekar sham tak, sham se lekar rat tak, rat se lekar subah tak... mujhe pyar karo...

Na kazre ki dhaar na motio ke haar... [link=nm0879857]... wah.",Mohra,https://www.imdb.com/title/tt0110546/,movie,7.0,177,1994,"Action, Drama, Thriller",7929,1994-07-01,Rajiv Rai
46,tt0152836,2017-04-13,2021-02-15,"Mere paas hai tu... one of the beautiful rainy songs. I like the video very much.

Taal title song... The music of AR Rahman is just awesome.

Ishq bina kya jeena yaaro ishq bina kya marna...
Epic music- Every song is too good.",Taal,https://www.imdb.com/title/tt0152836/,movie,6.7,179,1999,"Drama, Musical, Romance",5264,1999-08-13,Subhash Ghai
47,tt0374271,2017-04-13,2021-02-15,"Kyun kisiko...

tere naam...

O jaana...

Lagan lagi...

epic music.",Tere Naam,https://www.imdb.com/title/tt0374271/,movie,7.2,132,2003,"Action, Drama, Romance",18225,2003-08-15,Satish Kaushik
48,tt0095936,2021-03-12,2021-03-12,"Udit Narayan triumphant.

Papa Kehte Hain...

Ae Mere Humsafar...

Akele Hain To Kya Gum Hai...

Gazab Ka Hai Din...

One of the most nostalgic movie songs ever.",Qayamat Se Qayamat Tak,https://www.imdb.com/title/tt0095936/,movie,7.5,162,1988,"Drama, Musical, Romance",10714,1988-04-29,Mansoor Khan
49,tt1522329,2019-04-25,2021-02-16,"Every song...

Tum Mile... several versions.

Dil Ibadat kar raha hai dhadkane meri sun...

Tuhi haqeeqat khwab tu....",Tum Mile,https://www.imdb.com/title/tt1522329/,movie,5.0,140,2009,"Drama, Romance",1617,2009-11-13,Kunal Deshmukh
50,tt0118983,2021-03-11,2021-03-11,"Every single song is very good.

Dil to pagal hai dil dewana hai...

Arre re arre yeh kya hua...

Bholisi durat ankho mein masti door khadi sharmaye...

Dholna...

Chand ne kuch kaha, raat ne kuch suna...

Koi ladki hai... Rainy song

Udit Narayan, Lata Mangeshkar at their best.

The choreography is also very good. [link=nm1021347]",Dil To Pagal Hai,https://www.imdb.com/title/tt0118983/,movie,7.0,180,1997,"Comedy, Drama, Musical, Romance",21726,1997-10-31,Yash Chopra
51,tt1839596,2017-04-13,2021-02-23,"Sadda haq...

Nadaan parindey...",Rockstar,https://www.imdb.com/title/tt1839596/,movie,7.7,159,2011,"Drama, Music, Romance",42225,2011-11-11,Imtiaz Ali
52,tt0346723,2017-04-13,2021-02-15,"Every single songs.

suno na suno na...

tauba tumhara...

ghumshuda...",Chalte Chalte,https://www.imdb.com/title/tt0346723/,movie,6.6,167,2003,"Drama, Romance",15091,2003-06-12,Aziz Mirza
53,tt0173081,2017-04-13,2021-02-15,"Jab kisiki taraf dil jhukne lage, baat akar juba tak rukne laage... ankhon ankhon mein pyar hone lage..... Personal favorite.


Ajnabi mujhko itna bataan, dil mera kyu pareshan hai.",Pyaar To Hona Hi Tha,https://www.imdb.com/title/tt0173081/,movie,6.7,156,1998,"Comedy, Drama, Romance",3136,1998-07-15,Anees Bazmee
54,tt0173080,2017-04-13,2021-02-15,"O o jane jana and others... Salman's first body showing song.

Jab pyar kiya to darna kya...

Melodious songs.

Evergreen movie.",Pyaar Kiya To Darna Kya,https://www.imdb.com/title/tt0173080/,movie,6.7,162,1998,"Action, Comedy, Drama, Romance",5049,1998-03-27,Sohail Khan
55,tt0218533,2017-04-13,2021-02-18,"Sunta hai mera khuda, actually I liked the starting of this song very much.

Que sara sara..",Pukar,https://www.imdb.com/title/tt0218533/,movie,6.8,176,2000,"Action, Drama, Romance, Thriller",2315,2000-02-04,Rajkumar Santoshi
56,tt0189633,2017-04-13,2021-02-15,"Chori chori jab nazre mili... I still humming myself...

Churalo na dil mera... one of the most beautiful songs, love stories, comedy, drama, my personal favorite movie as well.",Kareeb,https://www.imdb.com/title/tt0189633/,movie,6.5,145,1998,"Drama, Romance",1117,1998-07-17,Vidhu Vinod Chopra
57,tt0100095,2018-11-20,2018-11-20,"Great music. vergreen. Kabotar ja ja... mere rang mein rangne wali...Aaja Shaam Hone Aayee, Dil Deewana... nostalgic..",Maine Pyar Kiya,https://www.imdb.com/title/tt0100095/,movie,7.3,192,1989,"Drama, Musical, Romance",11836,1989-12-29,Sooraj R. Barjatya
58,tt0234000,2018-11-20,2021-02-18,"Kaho Naa Pyaar Hai...

Na yum jano na hum...

Pyar ki kasti mein...

Ek pal ka jeena...

Chaand sitare...

If I listen to these songs million times, I won't be bored.",Kaho Naa... Pyaar Hai,https://www.imdb.com/title/tt0234000/,movie,6.9,172,2000,"Action, Musical, Romance, Thriller",14642,2000-01-14,Rakesh Roshan
59,tt0374342,2018-11-29,2019-01-14,One and only - Tere liye saari umar jaagu mein to yahin rabse dua mangu naam mere likhde teri baaki zindagi naina o meri naina...,Yaad Rakhegi Duniya,https://www.imdb.com/title/tt0374342/,movie,6.5,153,1992,"Drama, Romance",115,1992-03-01,Deepak Anand
60,tt0193246,2018-11-29,2021-02-15,One and only... Bin tere kuch bhi nahin hai jivan mera.... great.,Jaan Se Pyaara,https://www.imdb.com/title/tt0193246/,movie,5.4,180,1992,"Action, Crime, Drama",124,1992-05-06,Anand
61,tt0254683,2018-12-01,2021-02-18,"Every song is great. 

Dheere Dheere Pyar Ko...

I Love You...

Jise Dekh Mera Dil Dhadke...

Maine Pyar Tumhi Se Kiya Hai...

Pehli Baarish Main Aur Tu...

Premi Aashiq Aawara...

Tumse Milne Ko Dil...",Phool Aur Kaante,https://www.imdb.com/title/tt0254683/,movie,5.9,173,1991,"Action, Drama, Romance",1403,1991-11-22,Kuku Kohli
62,tt0109010,2018-12-20,2021-03-01,"Epic music. Ek ladki ko dekha to...

A kiss... after... kuch na kaho kuch bhi na kaho...",1942: A Love Story,https://www.imdb.com/title/tt0109010/,movie,7.2,157,1994,"Action, Drama, History, Musical, Romance",3326,1994-07-15,Vidhu Vinod Chopra
63,tt0156982,2018-12-26,2019-01-14,Zindagi ke talaash mein hum maut ke kitne paas aa gaye....,Saathi,https://www.imdb.com/title/tt0156982/,movie,6.3,175,1991,"Action, Crime, Drama, Romance",198,1991-09-03,Mahesh Bhatt
64,tt0207415,2019-01-02,2021-02-15,"Yeh khoya khoya rehta hai yeh din mein soya soya rehta hai...

A great song- kissa hum likhenge dil bekarar hai...",Doli Saja Ke Rakhna,https://www.imdb.com/title/tt0207415/,movie,6.4,170,1998,"Drama, Romance",535,1998-11-27,Priyadarshan
65,tt0226847,2019-01-02,2021-03-04,"janam samjha karo...

love hua ab yeh na poocho yeh kab hua...",Jaanam Samjha Karo,https://www.imdb.com/title/tt0226847/,movie,4.9,153,1999,"Drama, Romance",1794,1999-04-02,Andaleeb Sultanpuri
66,tt0284328,2019-01-04,2021-03-04,"Mujhe kuch kehna hai...

Good youthful song- Pyar re dil mange pyar re...

Jabse dekha hai...

Iss pyar ko mein kya naam doon, bechain dil ko kaise aram doon... Rabba mere rabba rabba... favoite",Mujhe Kucch Kehna Hai,https://www.imdb.com/title/tt0284328/,movie,5.0,135,2001,"Drama, Romance",1175,2001-05-25,Satish Kaushik
67,tt0456481,2019-01-10,2021-03-04,"Sau dard hai, sau raaste... My most favorite sad sond.

Ajnabi sheher hai, ajnabi sham hai...

Humko malum hai, ishq masum hai...",Jaan-E-Mann: Let's Fall in Love... Again,https://www.imdb.com/title/tt0456481/,movie,6.1,165,2006,"Comedy, Drama, Musical, Romance",8412,2006-10-20,Shirish Kunder
68,tt0091284,2019-01-14,2021-03-08,"Tera saath hain kitna pyara, kam lagta hai jivan sara...

Har kisiko nahin milta yahan pyar zindagi mein... [link=nm0542317] cult hit",Janbaaz,https://www.imdb.com/title/tt0091284/,movie,6.2,175,1986,"Action, Drama",694,1986-06-10,Feroz Khan
69,tt0495032,2019-01-14,2021-03-04,"Ya ali... great vocalist

Tu hi meri shab hai...

Bheegi bheegi... by James... cult hit",Gangster,https://www.imdb.com/title/tt0495032/,movie,7.1,123,2006,"Action, Crime, Drama, Romance, Thriller",5956,2006-04-28,Anurag Basu
70,tt0116950,2019-01-14,2021-03-04,"Chhor aye hum woh galiayn...

Chappa chappa... great music with an amazing view of Kashmir.",Maachis,https://www.imdb.com/title/tt0116950/,movie,7.8,160,1996,"Action, Crime, Drama, Thriller",2186,1996-10-25,Gulzar
71,tt0290326,2019-01-14,2021-02-15,Jagjit Singh- Koi Fariyaad... Epic. He is a true legend.,Tum Bin...: Love Will Find a Way,https://www.imdb.com/title/tt0290326/,movie,7.5,158,2001,"Drama, Romance",3369,2001-07-13,Anubhav Sinha
72,tt0111793,2019-01-21,2021-02-15,"Hoton pe bass tera naam hai tujhe chahana mera kam hai...

Jab bhi koi ladki dekhoon mera dil dewana bole ole ole ole...",Yeh Dillagi,https://www.imdb.com/title/tt0111793/,movie,6.0,155,1994,"Comedy, Drama, Musical, Romance",4437,1994-05-06,Naresh Malhotra
73,tt0209263,2019-02-04,2021-02-17,"Title song- Pyar koi khel nahin.. Jaha mein koi pyar tha, deewana hogaya jahan, jeene marne ka hosh hai fir use kahan , pyar koi khel nahin, pyar koi khel nahin...
 
Kuch tumhare hai, kuch hamare hai, hum dono ki yeh samne kitne pyare hai... nice song.",Pyaar Koi Khel Nahin,https://www.imdb.com/title/tt0209263/,movie,3.3,165,1999,"Drama, Romance, Thriller",414,1999-08-01,Subhash Sehgal
74,tt0065416,2019-03-05,2021-03-04,"Meri sapno ki raani kab ayei tu...

Roop tera mastana pyar mera dewana...

Mother song- chanda hai tu mera suraj hai tu...",Aradhana,https://www.imdb.com/title/tt0065416/,movie,7.6,169,1969,"Drama, Musical, Romance",1796,1969-09-27,Shakti Samanta
75,tt1455816,2019-03-09,2021-03-04,"O mere khuda...

Tere liye...

kaun hoon mein... atif aslam at his best.",Prince,https://www.imdb.com/title/tt1455816/,movie,4.3,138,2010,"Action, Sci-Fi, Thriller",2101,2010-04-09,Kookie Gulati
76,tt0406977,2019-03-09,2019-04-11,Dil de diya hai jaan tunhein denge dagaa nahin karenge sanam...,Masti,https://www.imdb.com/title/tt0406977/,movie,6.2,166,2004,"Comedy, Crime, Mystery, Thriller",6288,2004-04-09,Indra Kumar
77,tt0347278,2019-03-09,2021-02-17,"Tu hai asman mein teri yeh tu jo hai to sab kuch hai na koi kami hai.... one of the best.

Cover, humein tumse pyar kitna yeh hum nahin jante...",Jhankaar Beats,https://www.imdb.com/title/tt0347278/,movie,7.2,143,2003,"Comedy, Music, Romance",2021,2003-06-20,Sujoy Ghosh
78,tt0330843,2019-03-27,2021-02-18,"Title song, sathiya... 

chupke se...

adnan sami's hei udi udi udi...",Saathiya,https://www.imdb.com/title/tt0330843/,movie,6.8,138,2002,"Drama, Family, Romance",6888,2002-12-20,Shaad Ali
79,tt0135515,2019-04-04,2021-02-18,"One n only, Jhahjhariya uski jhanak gayi chunri bhi sarse sarak gayi... Abhijit... Great childhood favorite. Pure 90s hit.",Krishna,https://www.imdb.com/title/tt0135515/,movie,4.7,156,1996,"Action, Drama, Romance, Thriller",339,1996-08-02,"Deepak S. Shivdasani, S. Deepak"
80,tt0268141,2019-04-06,2021-03-04,"Not hindi, but I can't stop myself to include.
Asha chilo valobasha chilo... Ai sei krisnochura... Legend [link=nm0474822]

Prithibi bodley geche ja dekhi notun lage...",Ananda Ashram,https://www.imdb.com/title/tt0268141/,movie,7.2,127,1977,"Drama, Family",151,1977-10-14,Shakti Samanta
81,tt0118525,2019-04-11,2021-03-02,"Meri sanso mein basa hain tera hi ek naam... great melodious. my personal favorite.

Koi Jaane Koi Na Jane Uparwale Hoti Hai Dewane... Allah Allah - Nusrat Fateh Ali Khan, the legend.",...Aur Pyaar Ho Gaya,https://www.imdb.com/title/tt0118525/,movie,4.7,147,1997,"Comedy, Drama, Musical, Romance",864,1997-08-15,Rahul Rawail
82,tt0214042,2019-04-11,2019-04-11,Gum  hai kisike pyar mai dil subha sham...,Raampur Ka Lakshman,https://www.imdb.com/title/tt0214042/,movie,6.4,138,1972,"Drama, Family",76,1972-07-26,Manmohan Desai
83,tt0068938,2019-04-11,2021-02-17,"O mere dil ke chain, chain aye mere dilko dua kijiye...",Mere Jeevan Saathi,https://www.imdb.com/title/tt0068938/,movie,6.8,142,1972,"Drama, Adventure, Action, Romance, Musical",184,1972-12-31,Ravikant Nagaich
84,tt0399911,2019-04-11,2021-03-04,Hidden gem- Bin tere sanam mar mitenge hum eay mere zindagi... 90s hit,Yaara Dildara,https://www.imdb.com/title/tt0399911/,movie,7.5,,1991,"Romance, Drama, Family",57,1991-12-31,"Shahrukh Mirza, Mahrukh Mirza, H.M. Mirza"
85,tt0135666,2019-04-11,2021-02-17,One n only- aakhon mein base ho tum tumhein dil mein chupa lungi... Pure 90s hit.,Takkar,https://www.imdb.com/title/tt0135666/,movie,4.6,143,1995,"Action, Crime, Drama, Romance, Thriller",214,1995-07-14,Bharat Rangachary
86,tt2203308,2017-04-13,2021-02-15,"Sunraha hai na tu, ro raha hoon main... I have goosebumps when I listen to this song.
and others also.

Bhula dena mujhe...",Aashiqui 2,https://www.imdb.com/title/tt2203308/,movie,7.0,132,2013,"Drama, Music, Musical, Romance",28345,2013-04-25,Mohit Suri
87,tt0114317,2019-04-11,2019-04-11,Bholi bhali ladki... personal favorite,Sabse Bada Khiladi,https://www.imdb.com/title/tt0114317/,movie,6.0,162,1995,"Action, Crime, Thriller",4461,1995-06-09,Umesh Mehra
88,tt0187195,2019-04-11,2019-04-11,Neeli neeli ambar par chand jab aye... kishore kumar has no alternative.,Kalaakaar,https://www.imdb.com/title/tt0187195/,movie,6.2,,1983,"Family, Romance",85,1983-12-09,P. Sambasiva Rao
89,tt0397742,2019-04-11,2021-02-17,I listen million million times- tu tu hai wahi dil ne jise apna kaha tu hai jaha mein hoon waha ab toh yeh jeena tere bin hai saaza...,Yeh Vaada Raha,https://www.imdb.com/title/tt0397742/,movie,7.2,138,1982,"Romance, Musical, Drama",333,1982-04-09,Kapil Kapoor
90,tt0361773,2019-04-11,2021-02-17,Roz roz aankhon tale ek hi sapna saje... What a song!,Jeeva,https://www.imdb.com/title/tt0361773/,movie,4.1,123,1986,"Action, Drama, Music, Romance, Thriller",63,,Raj N. Sippy
91,tt0086230,2019-04-11,2019-04-11,Aye zindagi gale laga le.... what a song!,Sadma,https://www.imdb.com/title/tt0086230/,movie,8.4,141,1983,"Drama, Romance",3087,1983-07-08,Balu Mahendra
92,tt0084667,2019-04-11,2021-03-19,jaane kaise kab kaha iqrar ho gaya hum sochte hi rehe gaye...,Shakti,https://www.imdb.com/title/tt0084667/,movie,7.7,166,1982,"Action, Crime, Drama",2082,1982-10-01,Ramesh Sippy
93,tt0266260,2019-04-11,2021-02-17,"Duniya mane bura to goli maro, darr ke jina hain koi jeena yaaro... hot blooded song.",Arjun,https://www.imdb.com/title/tt0266260/,movie,7.2,154,1985,"Action, Crime, Drama",921,1985-04-20,Rahul Rawail
94,tt0978642,2019-04-11,2021-03-19,"My most most favorite- Yeh jo teri payalo ki chan chan hai, aashiko ke dil ki yeh dhadkan hai... Rip the hero.",Masoom,https://www.imdb.com/title/tt0978642/,movie,5.8,130,1996,"Action, Comedy, Thriller",102,1996-12-31,Mahesh Kothare
95,tt0172761,2019-04-11,2021-02-17,"Pyar kiya to nivana...

Akele na bazar jaya karo nazar lag jaye gi...",Major Saab,https://www.imdb.com/title/tt0172761/,movie,5.3,165,1998,"Action, Drama, Romance",2143,1998-06-26,Tinnu Anand
96,tt0111625,2019-04-11,2021-02-17,"Rah mein unse mulaqat ho gayi, jisse darte the wohi baat ho gayi...
 
Ruk ru ruk are baba ruk o my darling give me a look... haha good songs",Vijaypath,https://www.imdb.com/title/tt0111625/,movie,5.0,163,1994,"Action, Drama, Romance",693,1994-08-05,Farogh Siddique
97,tt0110254,2019-04-11,2021-02-17,One of the epic - Tumsa koi pyara koi masoom nahin hai kya chij ho tum khud tumhein malum nahin hai... Cult hit of 90s,Khuddar,https://www.imdb.com/title/tt0110254/,movie,5.2,167,1994,"Action, Drama, Thriller",354,1994-03-25,Iqbal Durrani
98,tt0112269,2019-04-11,2021-02-25,"Chand se parda kijiya kahin chura na le chehre ka noor, o mere hum nawab o mere hojoor... It is Kumar Sanu

Hathon mein agaya jok kal rumal aap kaa...",Aao Pyaar Karen,https://www.imdb.com/title/tt0112269/,movie,4.2,141,1994,Romance,177,1994-11-25,Ravindra Peepat
99,tt0403475,2019-04-11,2019-04-11,Chehra kya dekhte ho dil mein utarkar dekho na...,Salaami,https://www.imdb.com/title/tt0403475/,movie,6.9,148,1994,Adventure,62,1994-03-18,Shahrukh Sultan
100,tt0397743,2021-03-02,2021-03-04,"I have put it on 100th because it's special.

Jab Koi Pyar Se Bulayega Tumko Ek Shaqs Yaad Ayega...

Mehdi Hasan, one of the rare songs, is a very very good one. I love to listen to this song repeatedly and I never am bored. Divine voice.

Please be noted, this movie does not belong to the song, it's from a Pakistani movie in the same name released in 1969. IMDb has not included it so I put this movie because of its same name.

Song link: [link=https://youtu.be/GCGTL_dlm_U]",Yeh Zindagi Kitni Haseen Hai,https://www.imdb.com/title/tt0397743/,movie,5.2,159,1966,"Drama, Romance, Thriller",10,1966-12-31,R.K. Nayyar
101,tt0286683,2019-04-11,2021-02-17,"Eid ul fitre song- Chand nazar aagya Allahi Allah chha gaya roze rakhnewalo ki hai yeh eid, milo tum gale sabki aayi hai eid, eid mubarak...

Aisi wasi baat nahin, jhooti mooti baat nahin, yeh toh mohabbat hai, yehi ibadat hai.... what a song!",Hero Hindustani,https://www.imdb.com/title/tt0286683/,movie,4.9,152,1998,"Action, Comedy, Drama",327,1998-10-23,Aziz Sejawal
102,tt0216707,2019-04-11,2021-02-17,"Dil kya kare... nice one.

Pyar ke liya char pal kam...",Dil Kya Kare,https://www.imdb.com/title/tt0216707/,movie,5.1,158,1999,"Drama, Musical, Romance",1174,,Prakash Jha
103,tt0252038,2019-04-11,2019-04-11,Jagjit's kiska chehra ab mein dekhoon tera chehra dekhkar...,Tarkieb,https://www.imdb.com/title/tt0252038/,movie,5.0,156,2000,"Mystery, Thriller",256,2000-06-23,Esmayeel Shroff
104,tt0341554,2019-04-11,2021-02-17,Wow... Tumko dekha to yeh khayal aya zindagi dhup tum ghana chaya... Jagjit.,Saath Saath,https://www.imdb.com/title/tt0341554/,movie,7.1,117,1982,Drama,283,1982-03-04,Raman Kumar
105,tt0250483,2017-04-13,2021-02-15,"The title song and others...

Aye dil laya hai bahar apno ka pyar, kya kehna... 

The movie is also fresh and evergreen.",Kya Kehna,https://www.imdb.com/title/tt0250483/,movie,5.9,155,2000,"Drama, Romance",2037,2000-05-19,Kundan Shah
106,tt0256692,2017-04-13,2021-02-23,"Dekhne walon ne kya kya nahin dekha hoga...

Deewana hai yeh mann...

The title song...",Chori Chori Chupke Chupke,https://www.imdb.com/title/tt0256692/,movie,5.4,165,2001,"Comedy, Drama, Musical, Romance",4611,2001-03-09,"Abbas Alibhai Burmawalla, Mastan Alibhai Burmawalla"
107,tt0101437,2018-12-20,2021-03-01,"Dhak dhak karne laga... cult hit

koyal si teri boli kukoo kukoo...",Beta,https://www.imdb.com/title/tt0101437/,movie,6.3,171,1992,"Drama, Romance",2042,,Indra Kumar
108,tt0309926,2019-01-14,2021-05-24,Aaja re o mere dilbar aaja dilki pyas bujha ja re ooo noorie....,Noorie,https://www.imdb.com/title/tt0309926/,movie,6.0,120,1979,"Drama, Family, Romance",179,1979-05-11,Manmohan Krishna
109,tt0113913,2019-04-19,2021-02-17,"Abhi zinda hoon toh jee lenedo, bhari barsaat mein peelene do... I think everyone checking this list must listened to this song. Cult hit of 90s",Naajayaz,https://www.imdb.com/title/tt0113913/,movie,5.5,157,1995,"Action, Drama",603,1995-03-17,Mahesh Bhatt
110,tt0215245,2019-04-19,2019-04-24,"Aur door kahin rowshan hua ek chehra, ek chehra......... A.R. Rahman at his best. Personal most favorite.",Thakshak,https://www.imdb.com/title/tt0215245/,movie,5.9,163,1999,"Action, Crime, Drama, Thriller",632,1999-12-03,Govind Nihalani
111,tt0369637,2019-04-24,2021-02-17,"Mujhe Tum Chupke Chupke Jab Aise Dekhti Ho, Acchi lagti ho...",Kuch Naa Kaho,https://www.imdb.com/title/tt0369637/,movie,5.4,169,2003,"Comedy, Drama, Romance",2273,2003-08-26,Rohan Sippy
112,tt0341549,2019-04-24,2021-02-16,"Deewana deewana ho jaye... 

Tu tu dil mein hai tu tu...

The title song...",Rishtey,https://www.imdb.com/title/tt0341549/,movie,4.6,164,2002,"Action, Drama",957,2002-12-04,Indra Kumar
113,tt0332766,2019-04-24,2021-02-16,"Aa bhi jaa... 

Jaane kya dhundtahe yeh mera dil Tujhko Kya Chaiye Zindagi...

Lucky Ali is one of the best singers. Personal favorite.",Sur: The Melody of Life,https://www.imdb.com/title/tt0332766/,movie,6.4,136,2002,"Drama, Musical, Romance",511,2002-09-13,Tanuja Chandra
114,tt0326576,2019-04-24,2021-02-16,"The title song

Bardhasht nahin kar sakta...

Tune zindagi mein aake...

The movie is also very taut thriller.",Humraaz,https://www.imdb.com/title/tt0326576/,movie,6.4,173,2002,"Action, Musical, Romance, Thriller",3342,2002-07-05,"Abbas Alibhai Burmawalla, Mastan Alibhai Burmawalla"
115,tt0466460,2019-04-24,2021-02-16,Not a musical movie. Just an intro/credit song. O yahu.. dudnya uth pe tanga... chak de phatte... Kailash Kher at his best.,Khosla Ka Ghosla!,https://www.imdb.com/title/tt0466460/,movie,8.3,135,2006,"Comedy, Crime, Drama",23217,2006-09-22,Dibakar Banerjee
116,tt0248126,2019-04-24,2021-02-16,"Every songs, including
Sooraj hua maddham chaand jalne laga...",Kabhi Khushi Kabhie Gham...,https://www.imdb.com/title/tt0248126/,movie,7.4,210,2001,"Drama, Musical, Romance",47489,2001-12-14,Karan Johar
117,tt0213890,2019-04-24,2021-02-16,"Humko Humise Chura Lo.... great

Chalte chalte yuhin ruk jata hoon main... I was in college 1st year and it was my favorite.

Aakhein khuli ho yaa ho bandh deedar unka hota kaise kahoon mein woh yara yeh pyar kaise hota hai....",Mohabbatein,https://www.imdb.com/title/tt0213890/,movie,7.1,216,2000,"Musical, Drama, Romance",28756,2000-10-27,Aditya Chopra
118,tt0151150,2019-04-24,2021-02-16,"Every single songs are too good.

hare hare hare....

apun bola...

hai mera dil...

Specially- Mere Khayalo ki malika...

The movie is also very good, except for the last courtroom scene.",Josh,https://www.imdb.com/title/tt0151150/,movie,6.2,162,2000,"Action, Drama, Musical, Romance",9901,2000-06-09,"Mansoor Khan, Dilip Mestry"
119,tt0255111,2019-04-24,2021-02-16,"Nadeem-Shravan at their best.
Every song is epic.

Dil ne yeh kaha hain dilse...",Dhadkan,https://www.imdb.com/title/tt0255111/,movie,6.5,161,2000,"Drama, Romance",7235,2000-08-11,Dharmesh Darshan
120,tt0200087,2019-04-24,2021-02-16,"Featuring Jagjit Singh - hoshwalon ko khabar bekhudi kya cheej hai...

Jo haal dil ka...",Sarfarosh,https://www.imdb.com/title/tt0200087/,movie,8.1,174,1999,"Action, Drama, Thriller",25000,1999-04-30,John Mathew Matthan
121,tt0098976,2019-04-24,2021-02-16,Gori hai kalaiyan...,Aaj Ka Arjun,https://www.imdb.com/title/tt0098976/,movie,4.7,164,1990,"Action, Crime, Drama",610,1990-08-10,K.C. Bokadia
122,tt0089959,2019-04-24,2021-02-16,"Yashoda ka nandlala - knwon as ""Zu zu zu zu""... 

Childhood memory...",Sanjog,https://www.imdb.com/title/tt0089959/,movie,6.9,148,1985,Drama,92,1985-11-22,K. Viswanath
123,tt0105315,2019-04-24,2021-02-16,"One of the most romantic songs ever...

Yeh dua hai meri rab se, tujhe ashiqome sabse meri ashiqui pasand aye...


Kabhi bhula kabhi yaad kiya...",Sapne Saajan Ke,https://www.imdb.com/title/tt0105315/,movie,3.4,162,1992,"Drama, Romance",151,,Lawrence D'Souza
124,tt0339864,2019-04-25,2021-02-16,Sherry mein ho gaya dewana.... one of the best songs ever. What a location! Song in a train journey...,Vijeta,https://www.imdb.com/title/tt0339864/,movie,4.1,,1996,Action,85,1996-01-26,K. Muralimohana Rao
125,tt0268401,2019-04-25,2021-03-04,"The title song. Kahin Pyar Na Ho Jaye...

O priya o priya priya, tumsa nahin koi priya... singer [link=nm0451250]",Kahin Pyaar Na Ho Jaaye,https://www.imdb.com/title/tt0268401/,movie,4.4,159,2000,"Comedy, Drama, Musical, Romance",2186,2000-11-17,K. Muralimohana Rao
126,tt2140315,2019-04-25,2021-03-04,"Dewana kar raha hai...

Zindagi se...

The song reminds me of my college life, my sweet pasts.",Raaz 3: The Third Dimension,https://www.imdb.com/title/tt2140315/,movie,4.1,139,2012,"Horror, Romance, Thriller",3673,2012-09-07,Vikram Bhatt
127,tt1340838,2019-04-25,2021-03-04,Tujhe milke laga hai yeh tujhe dhud raha tha mein... Tu aja mere mahi... personal favorite. One of the super vocalists [link=nm3810440],Raaz: The Mystery Continues,https://www.imdb.com/title/tt1340838/,movie,5.6,151,2009,"Horror, Mystery, Romance, Thriller",3561,2009-01-23,Mohit Suri
128,tt0158694,2019-04-27,2019-04-27,Tumhari Nazroeme Humne Dekha Ajabsi Chahaat Jhalak Rahi Hai...,Kal Ki Awaz,https://www.imdb.com/title/tt0158694/,movie,6.2,162,1992,Action,72,1992-08-21,"B.R. Chopra, Ravi Chopra"
129,tt0097784,2019-04-27,2019-04-27,"Jeena hai pyar mein jeena, marna hai pyar mein marna... dil par goli khaunga phasi par char jaunga iskohi to kehte te hai Love Love Love...
Personal favorite.",Love Love Love,https://www.imdb.com/title/tt0097784/,movie,5.5,146,1989,"Drama, Romance",901,1989-08-04,Babbar Subhash
130,tt0473567,2019-04-29,2021-02-16,Pooche jo koi meri nishani ranghina likhna.... naam ada likhna. A beautiful song.,...Yahaan,https://www.imdb.com/title/tt0473567/,movie,7.4,142,2005,"Drama, Romance, War",1129,2005-07-29,Shoojit Sircar
131,tt0154706,2019-04-29,2021-02-16,"Evergreen!!!

Pal Pal Dil Ke Paas Tum Rehte Ho....",Blackmail,https://www.imdb.com/title/tt0154706/,movie,6.8,145,1973,"Drama, Musical, Romance, Thriller",217,,Vijay Anand
132,tt0111308,2019-04-30,2019-04-30,Cult song: Gore gore mukhdepe kala kala chashma...,Suhaag,https://www.imdb.com/title/tt0111308/,movie,5.8,145,1994,"Action, Comedy, Drama, Romance",1834,1994-10-20,Kuku Kohli
133,tt0118654,2019-05-03,2021-02-16,"Bulbula re bulbula mujhko bahon mein bula...
Cult comedy.

Nonsense movie but very good comedy. All songs are good.

The title song, apne jigar ko thamke bethon... Aunty no 1... what a voice.",Aunty No. 1,https://www.imdb.com/title/tt0118654/,movie,4.3,160,1998,"Comedy, Drama, Romance",611,1998-05-01,Kirti Kumar
134,tt0101616,2019-05-03,2021-02-16,"The movie and the songs, both are top.

Mein to raste se jaa raha tha, mein to bhel puri kha raha tha... cult popular

Husn hai suhana, aj hai lutana...",Coolie No. 1,https://www.imdb.com/title/tt0101616/,movie,6.6,143,1995,"Action, Comedy, Romance",5111,1995-06-30,David Dhawan
135,tt0119285,2019-05-03,2021-02-16,"Sona kitna sona hai...

Tum hampe marte ho...

Every song is good.",Hero No. 1,https://www.imdb.com/title/tt0119285/,movie,6.2,134,1997,"Comedy, Drama, Musical, Romance",2874,1997-02-21,David Dhawan
136,tt0110942,2019-05-03,2021-02-16,"Pak chik pak raja babu, chal gaya teri jaadu... personal favorite.

Yaad sataye meri neend churai mera dil na lage....

Aa aa ee uu uu o mera dil na todo...

Every song is good.

I become a die-hard fan of Govinda watching this movie.",Raja Babu,https://www.imdb.com/title/tt0110942/,movie,6.3,161,1994,"Action, Comedy, Drama, Romance",2769,1994-01-10,David Dhawan
137,tt0105394,2019-05-07,2021-02-19,Tu Pagal Premi Awara... A very good song... Cult hit of the 90s.,Shola Aur Shabnam,https://www.imdb.com/title/tt0105394/,movie,6.5,165,1992,"Action, Comedy, Drama, Romance",1001,1992-01-23,David Dhawan
138,tt0325041,2019-05-14,2021-02-16,"Every songs are good.

Personal favorite. Pyar pyar pyar baat te rahon pyar...

Teri zindagi mein pyar hai to...

Also one of my favorite movies.",Badhaai Ho Badhaai,https://www.imdb.com/title/tt0325041/,movie,4.5,155,2002,"Comedy, Drama, Musical",696,2002-06-14,Satish Kaushik
139,tt0268146,2019-05-25,2021-02-19,Aate jaate khub soorat awara sadkope... Kishore Kumar at his best.,Anurodh,https://www.imdb.com/title/tt0268146/,movie,6.8,147,1977,"Drama, Family",176,1977-12-31,Shakti Samanta
140,tt0149568,2019-05-26,2021-02-16,"O yarron maaf karna kuch kehne aya hoon...

The title song,

Other songs are also very good.",Aa Ab Laut Chalen,https://www.imdb.com/title/tt0149568/,movie,5.5,177,1999,"Musical, Romance, Drama",1709,1999-01-22,Rishi Kapoor
141,tt0254354,2019-06-13,2021-02-16,"Sama hai suhana suhana nashein mein jahaan hai kisi ko kisi ki khabar hi kaha hai...

Personal favorite. Kishore Kumar the best. Nitil Bali version is also very good. The movie is also one of the best in history.",Ghar Ghar Ki Kahani,https://www.imdb.com/title/tt0254354/,movie,7.6,120,1970,"Drama, Family",79,,T. Prakash Rao
142,tt0313395,2019-06-18,2019-11-21,The title songs and others.,Kitne Door... Kitne Paas,https://www.imdb.com/title/tt0313395/,movie,4.5,146,2002,"Comedy, Romance",312,2002-03-29,Mehul Kumar
143,tt0187192,2019-06-18,2019-11-21,Bhul gayi sab kuch yaad nehi aab kuch... julie aaaa ai love u...,Julie,https://www.imdb.com/title/tt0187192/,movie,6.1,145,1975,"Family, Musical, Romance, Drama",278,1975-03-18,K.S. Sethumadhavan
144,tt0426075,2019-07-01,2021-02-16,"Every songs is very good.

Nachle naina nachle...

Paigham laya sawan...

A R Rahman",Lakeer - Forbidden Lines,https://www.imdb.com/title/tt0426075/,movie,4.4,170,2004,"Action, Drama, Romance",967,2004-05-14,Ahmed Khan
145,tt0148692,2019-07-09,2021-03-11,"Zindagi ke safar, hai yeh kaisa safar... Kishore Kumar wah.",Safar,https://www.imdb.com/title/tt0148692/,movie,7.2,137,1970,"Drama, Romance",377,,Asit Sen
146,tt0079590,2019-07-09,2019-11-21,O sathire tere bina bhi kya jeena... what a sad song. I love it.,Muqaddar Ka Sikandar,https://www.imdb.com/title/tt0079590/,movie,7.5,189,1978,"Drama, Romance",2737,1978-10-27,Prakash Mehra
147,tt0307682,2019-07-12,2021-03-11,"Aisa lagta hai jaise I am in love, I am in love...Personal favorite.",Yeh Dil Aashiqanaa,https://www.imdb.com/title/tt0307682/,movie,4.4,152,2002,"Action, Romance",293,2002-01-18,Kuku Kohli
148,tt0810058,2019-07-15,2019-11-21,The title song... Aap ki khatir mere dilka jahan hai hazir... Himesh at his best.,Aap Ki Khatir,https://www.imdb.com/title/tt0810058/,movie,3.6,122,2006,"Comedy, Romance",901,2006-08-25,Dharmesh Darshan
149,tt0097416,2019-07-19,2021-02-16,"Cult: Mukkala muqbala lila... great song and dance.

Urvasi urvasi take it urvasi...",Kadhalan,https://www.imdb.com/title/tt0097416/,movie,7.2,168,1994,"Action, Drama, Romance, Thriller",1918,1994-09-17,S. Shankar
150,tt0172234,2019-07-19,2021-02-16,"A sad gloomy movie.

Hoooo dilki tanhaiko awaz bana leti hoon... what a song.

The title song... Dil ka dhadakna yehi chahat hai...",Chaahat,https://www.imdb.com/title/tt0172234/,movie,5.5,151,1996,"Drama, Romance",2771,1996-06-06,Mahesh Bhatt
151,tt0225515,2019-09-25,2021-02-16,Haa haa yeh pyar hai aur abto khulke mujhko iqrar hai mein dewana hoon mujhe pyar sunlo dilruba...  (Remake of an English song though),Dillagi,https://www.imdb.com/title/tt0225515/,movie,5.4,188,1999,"Drama, Musical, Romance",1141,1999-11-19,Sunny Deol
152,tt0123102,2019-10-22,2021-03-08,"Epic music. All songs are too good. Epic movie also. Introducing Jackie.

The flute tune. Ding dong o baby, sing a song...

One and only, Lambi Judai... Great song.

Tu mera jaanu hai... [link=nm0542317]",Hero,https://www.imdb.com/title/tt0123102/,movie,6.8,173,1983,"Action, Drama, Romance",850,1983-12-16,Subhash Ghai
153,tt0211634,2019-11-21,2021-02-16,"Every song is so good.

Soldier soldier mithi batein bolkar dilko chura le gaya... specially the intro.",Soldier,https://www.imdb.com/title/tt0211634/,movie,6.2,156,1998,"Action, Drama, Musical, Romance, Thriller",2896,1998-10-12,"Abbas Alibhai Burmawalla, Mastan Alibhai Burmawalla"
154,tt0175423,2019-11-21,2021-03-11,"Zindagi ke safar mein guzar jaate hai jo maqam, woh phir nehi aate, woh phir nehi aate...

A song reminds me of my old childhood days...

Every single of your time is very valueable. Don't waste it, otherwise, you will regret remembering the past.",Aap Ki Kasam,https://www.imdb.com/title/tt0175423/,movie,7.0,153,1974,"Romance, Drama",442,1974-04-17,J. Om Prakash
155,tt0253514,2019-12-07,2021-02-16,"Woh beete din yaad hai...

One of the best songs on this list. Anyone can't imagine this cult horror movie has a great classic song ever. ",Purana Mandir,https://www.imdb.com/title/tt0253514/,movie,6.4,144,1984,"Comedy, Drama, Horror, Romance",535,1984-10-19,"Shyam Ramsay, Tulsi Ramsay"
156,tt0225013,2019-12-19,2021-02-16,"Yeh meri ashiqi, yeh meri zindagi kal rahe na rahe... aaa gale lag jaa.... 

Aaj hume malum hua...",Aa Gale Lag Jaa,https://www.imdb.com/title/tt0225013/,movie,4.5,158,1994,"Mystery, Romance",126,1994-01-01,Hamid Ali Khan
157,tt0121989,2019-12-19,2021-02-16,"Dheere dheere aap mere dilki mehman ho gayi... pehle jaaan phir janejaan, phir jaanejaanaa ho gayi...

One of my personal favorite songs. Reminds my childhood time.",Baazi,https://www.imdb.com/title/tt0121989/,movie,6.5,183,1995,"Action, Thriller, Crime, Drama",2328,1995-04-05,Ashutosh Gowariker
158,tt0286620,2019-12-19,2021-02-16,"Yeh teri aankhein jhuki jhuki yeh tera chehra khila khila, badi kismatwala hai woh yeh tera pyar jisse mila...

Great song. childhood favorite. cult song in its time.",Fareb,https://www.imdb.com/title/tt0286620/,movie,4.7,147,1996,"Action, Crime, Drama, Thriller",142,1996-06-28,Vikram Bhatt
159,tt0439464,2019-12-23,2021-02-16,"Accha Sila Diya Tune Mera Pyar Ka.. a cult hit.

Dil Tod Ke Hansti Ho Mera...",Bewafa Sanam,https://www.imdb.com/title/tt0439464/,movie,5.2,144,1995,"Drama, Romance",120,1995-05-12,Gulshan Kumar
160,tt0130350,2020-01-01,2021-02-16,Sat samundar paar mein tere piche piche aungi... cult song. Popular even today's marriage ceremonious programs.,Vishwatma,https://www.imdb.com/title/tt0130350/,movie,6.5,174,1992,"Action, Drama, Thriller",1275,1992-01-24,Rajiv Rai
161,tt0100816,2020-01-01,2021-03-08,"Personal favorite.

Gali gali mein firta hai tu banke kyun banjara, aa mere dil main bas jaa mere ashiq aawara... 
tera pyar hai ek soneka pinjra o shehjadi,
mujhko apani jaan se pyari hai apani aazadi...

IDK why I get goosebumps while humming this.
Azharuddin's wife is heroin. Jackie Shroff is the hero. What a personality of him in this song. Great. What a voice of [link=nm0542317].

Main Teri Mohabbat Main...

Tirchi Topiwale...",Tridev,https://www.imdb.com/title/tt0100816/,movie,6.4,173,1989,"Action, Crime, Drama, Thriller",1953,1989-07-07,Rajiv Rai
162,tt0267246,2020-01-01,2020-01-01,"Kash tum mjuhse ekbar kaho tumko mujhse pyar ho gaya.... I listened this song a million times in my life. This only song can challenge other songs in the list. First 2 minutes is just music, which makes environment of gloom and sorrows. Kumar Shanu wah.",Aatish: Feel the Fire,https://www.imdb.com/title/tt0267246/,movie,5.8,155,1994,"Action, Crime, Drama, Romance, Thriller",775,1994-06-17,Sanjay Gupta
163,tt0310254,2020-01-01,2021-03-08,"Yeh bekhudi deewangi tumhise hai meri jaane jaana, ashiqi awargi tumhise hai meri jaane janaaaaaa, jane ja yeh dil mera tumko na bhool payeenge... what a song what a location.",Tumko Na Bhool Paayenge,https://www.imdb.com/title/tt0310254/,movie,5.6,160,2002,"Action, Romance, Thriller",2922,2002-02-22,Pankaj Parashar
164,tt0234724,2020-01-01,2020-01-01,"Ek pyar ka nagma hai.... actually I am fond of this song by the art more than the music. because the way this music video made was just awesome. Used so many arts. As if anyone watching arts and listening music. I loved the cinematography a lot. Mirrors and colors. The lyric is inspirational and the location of beach, a total combination of a memorable song.",Shor,https://www.imdb.com/title/tt0234724/,movie,7.2,170,1972,Drama,355,,Manoj Kumar
165,tt0083349,2020-01-25,2021-02-16,"Chookar.. mere mann ko.. kiya tune.. kya ishara.. badla yeh mousam.. lage pyara jag sara..... one of the greatest songs of Legend Kishore Kumar. Personal favorite. Nitin Bali cover is also very good.

Sara zamana haseeno ka dewanaa....

Tera jaisa yar kahan...",Yaarana,https://www.imdb.com/title/tt0083349/,movie,7.1,138,1981,"Action, Comedy, Drama, Musical",1769,1981-10-23,Rakesh Kumar
166,tt0088099,2020-02-06,2021-02-16,"Manzile apni jagah hai raaste apni jagah.... my most favorite lonely song. No one in history can replace Kishore Kumar. No one can replace Amitabh, his acting, I am a fan of him for this movie. About the song, Kishore Kumar got the FF award. ",Sharaabi,https://www.imdb.com/title/tt0088099/,movie,7.4,180,1984,"Comedy, Drama, Romance",2807,1984-05-18,Prakash Mehra
167,tt0268131,2020-02-06,2021-02-16,"Dil  mein aag lagayo sawan ka mahina, nai jeeta nai jeena tere bin nai jeena... Tune aise jakhm diye un jakhm ko nai seena... nai jeena nai jeena tere bin nai jeena... Kishore Kumar, what a heart broken voice.

Rajesh Khanna at his best.",Alag Alag,https://www.imdb.com/title/tt0268131/,movie,6.3,174,1985,"Family, Musical, Romance",92,1985-09-27,Shakti Samanta
168,tt0146791,2020-02-06,2021-02-16,"Dadi amma dadi amma maan jao...

I love the kids, though they may be my grandfather's age lol. The song is very good.",Gharana,https://www.imdb.com/title/tt0146791/,movie,7.1,154,1961,"Comedy, Drama, Musical, Romance",61,1961-02-22,S.S. Vasan
169,tt0242831,2020-09-04,2020-09-04,Aati Hai To Chal,Saat Rang Ke Sapne,https://www.imdb.com/title/tt0242831/,movie,5.9,171,1998,"Drama, Romance",106,1998-02-20,Priyadarshan
170,tt0151121,2020-09-08,2021-03-11,"A R Rahman

The title song: Phoolon mein jo khushboo hai...Ajooba... my favorite one...",Jeans,https://www.imdb.com/title/tt0151121/,movie,6.5,175,1998,"Comedy, Drama, Romance",3462,1998-04-24,S. Shankar
171,tt0833476,2020-09-18,2021-03-11,"Jhoom barabar jhom barabar jhoom... both versions

Ticket to Hollywood...

Dhaage tod lao chandise noor ke...",Jhoom Barabar Jhoom,https://www.imdb.com/title/tt0833476/,movie,3.7,138,2007,"Comedy, Drama, Musical, Romance",3113,2007-06-15,Shaad Ali
172,tt0234542,2020-09-28,2021-03-11,"Koi jab tumhara hriday tod de, tadap ta hua jab koi chod de... what a song of Mohammad Rafi, This song is one my most favorites. Most nostalgic song ever. One of the most poetic songs ever. Remembering Manoj Kumar and Mohammad Rafi.",Purab Aur Pachhim,https://www.imdb.com/title/tt0234542/,movie,7.4,142,1970,"Drama, Romance",900,1979-06-22,Manoj Kumar
173,tt0246413,2020-09-28,2021-02-16,"The title song says it all.

Humein aur jeene ki chaahat na hoti
Agar tum na hote, agar tum na hote",Agar Tum Na Hote,https://www.imdb.com/title/tt0246413/,movie,6.4,161,1983,"Drama, Family",169,1983-11-04,Lekh Tandon
174,tt0395668,2020-11-30,2021-03-11,Baba Sehgal- Aaja meri gadi mein beth ja...,Miss 420,https://www.imdb.com/title/tt0395668/,movie,4.4,135,1998,"Action, Romance, Thriller",38,1998-01-23,Akashdeep
175,tt0118931,2021-02-11,2021-03-11,O bhavre...,Daud: Fun on the Run,https://www.imdb.com/title/tt0118931/,movie,5.9,180,1997,"Action, Adventure, Comedy, Romance, Thriller",1050,1997-08-22,Ram Gopal Varma
176,tt0121395,2021-02-15,2021-02-16,"Is tarah ashiquei ka asar chhod jaunga, tere cheherepe apni nazar chhod jaunga...",Imtihaan,https://www.imdb.com/title/tt0121395/,movie,5.3,152,1994,"Action, Drama, Romance",352,1994-03-11,Harry Baweja
177,tt0255097,2021-02-15,2021-02-16,"The title song: Deewane, pyar ke hai hum deewane...",Deewane,https://www.imdb.com/title/tt0255097/,movie,4.7,164,2000,"Action, Romance",610,2000-08-11,Harry Baweja
178,tt0274789,2021-02-17,2021-02-17,Chanda re chanda re kabhi to zameen par aa bethenge batein karenge... night song.,Minsaara Kanavu,https://www.imdb.com/title/tt0274789/,movie,6.9,153,1997,"Comedy, Drama, Romance",1157,1997-01-14,Rajiv Menon
179,tt0113822,2021-02-17,2021-02-17,"Ek baat batoon, bataon, tere paas mein ayooo, ajao... personal favorite song, movie, daring villain, daring Jackie Shroff.",Milan,https://www.imdb.com/title/tt0113822/,movie,4.8,,1995,"Action, Crime, Romance",112,,Mahesh Bhatt
180,tt0112738,2021-02-17,2021-02-17,"Tum mile dil khilein aur jeeneko kya chahie... a song I couldn't watch in my childhood, R rated song, but the music is very good. Fugitive movie remake.",Criminal,https://www.imdb.com/title/tt0112738/,movie,5.7,123,1994,"Action, Romance, Thriller",479,1994-10-15,Mahesh Bhatt
181,tt0106204,2021-02-17,2021-02-17,"O lal dupatte wali tera naam to bataa...
Personal favorite... Bandarrr... Nice comedy movie.",Aankhen,https://www.imdb.com/title/tt0106204/,movie,6.7,170,1993,"Action, Comedy, Crime, Thriller",1988,,David Dhawan
182,tt0233856,2021-02-17,2021-02-17,"Faltu movie, no logic, for fun, its ok.
Mostly good for its music.

Teri chunaria...

Hata sawan ki ghata...

Chupke se koi...

Hello brother....",Hello Brother,https://www.imdb.com/title/tt0233856/,movie,4.7,139,1999,"Action, Comedy, Fantasy, Romance",4144,1999-09-10,Sohail Khan
183,tt0102844,2021-02-17,2021-03-08,"Ilu Ilu, Ilu Ilu, Ilu ka matlab I L U, I Love You... super song. [link=nm0542317]",Saudagar,https://www.imdb.com/title/tt0102844/,movie,6.8,213,1991,"Action, Drama, Romance",1363,1991-08-09,Subhash Ghai
184,tt0098168,2021-02-17,2021-03-08,"My name is lakkhan... good song.

Personal favorite... Tera naam liya ho, tujhe yaad kya hoo tera naam liya tujhe yaad kya... [link=nm0542317]",Ram Lakhan,https://www.imdb.com/title/tt0098168/,movie,6.8,174,1989,"Action, Comedy, Drama, Musical, Romance",2525,1989-01-27,Subhash Ghai
185,tt0084324,2021-02-17,2021-02-17,"Zindagi har kadam ek nayi jung hai... I love the movie, its gloomy and revenge moody. The song is hot blooded one.",Meri Jung,https://www.imdb.com/title/tt0084324/,movie,7.3,164,1985,"Action, Drama",1292,1985-08-11,Subhash Ghai
186,tt0102071,2021-02-17,2021-02-17,"Ek doosre se karte hai pyar hum...

Jumma chumma... cult hit of the 90s",Hum,https://www.imdb.com/title/tt0102071/,movie,6.8,184,1991,"Action, Comedy, Drama",2913,1991-02-01,Mukul Anand
187,tt0113455,2021-02-18,2021-03-16,Cult hit... Chinai chun chun...,Jallaad,https://www.imdb.com/title/tt0113455/,movie,5.8,144,1995,"Action, Drama",177,1995-09-15,T.L.V. Prasad
188,tt0063404,2021-02-18,2021-02-23,"Meri samne wali khidki par ek chand ka tukda rehta hai...

Ekk chatur nar...

Meri pyari bindu...

My most favorite song, Kishore Kumar's... Kehna hai, kehna hai, aaj yeh tumse pehli baar ho...",Padosan,https://www.imdb.com/title/tt0063404/,movie,8.1,157,1968,"Comedy, Musical, Romance",6655,1968-11-29,Jyoti Swaroop
189,tt0361764,2021-02-18,2021-03-16,"Dil Ki Haalat Kisko Bataaye
Hum Bhi Pagal Tum Bhi Pagal...",Janata Ki Adalat,https://www.imdb.com/title/tt0361764/,movie,5.2,,1994,Musical,36,,T.L.V. Prasad
190,tt0113933,2021-02-19,2021-02-19,Sambhala hai maine bohot apni dil ko...,Naaraaz,https://www.imdb.com/title/tt0113933/,movie,4.5,128,1994,"Action, Crime, Drama",141,1994-08-19,Mahesh Bhatt
191,tt0118957,2021-02-19,2021-03-16,"One of my most favorite movies, among top 10.

Head ya tale, pyar mohabbat dil ka khel

O mummy mummy, o daddy daddy, ho jao readdy... what a song

My favorite one... Tere bina dil, lagta nahin, o meri jaan, kya karun keya karun... Tu jo nahin kuch bhi nahin...

Laxmikant-Pyarelal duo music. 10/10",Deewana Mastana,https://www.imdb.com/title/tt0118957/,movie,6.7,140,1997,"Comedy, Romance",2600,1997-09-23,David Dhawan
192,tt0066763,2021-02-19,2021-02-19,"Zindagi, kaisi hai paheli haye, kabhi yeh hasaye, kabhi yeh rulaye... heart touching song. The man in purple panjabi/kurta roaming at the beach. And some children with colorful balloons. Manna Dey.",Anand,https://www.imdb.com/title/tt0066763/,movie,8.2,122,1971,"Drama, Musical",32941,1971-03-12,Hrishikesh Mukherjee
193,tt0109117,2021-02-23,2021-03-01,"Though many people hate this movie's songs. But I love every song because all the songs are ancient style, it reminds me of old black and white songs. I love most... Eloji sanam hum aaa gaye aaj fir dil leke... What a location and picturization. The vocalist is also unknown.

And the movie? Let it be untold. Everyone knows it.",Andaz Apna Apna,https://www.imdb.com/title/tt0109117/,movie,8.1,160,1994,"Action, Comedy, Romance",51857,1994-11-04,Rajkumar Santoshi
194,tt0286672,2021-02-26,2021-02-26,Raah mein unse mulaqat ho gayi...,Haqeeqat,https://www.imdb.com/title/tt0286672/,movie,4.6,166,1995,"Action, Drama, Romance",342,1995-12-20,Kuku Kohli
195,tt0262527,2021-03-01,2021-03-16,"Chand kahoon, phool kahoon, subha kahoon ya shaam, kya rakhoon tera naam, jisse dunya karen salaam... personal favorite

Ankhon Mein Akeli Raaton Mein... what a view, favorite song

Hero hai heroin hai, villain hai, shooting hai camera nahin, badi mushkil hai... funny song (multi singer-song)

One of my most favorite movies. Hrishikesh Mukherjee is one of the greatest directors. The music is from Anand-Milind. Every song is melodious and charming. I love the movie and music both. 10/10",Jhooth Bole Kauwa Kaate,https://www.imdb.com/title/tt0262527/,movie,5.7,148,1998,"Comedy, Romance",795,1998-11-23,Hrishikesh Mukherjee
196,tt0096252,2021-03-01,2021-03-01,"Ek do teen... cult hit

So gaya yeh jahan so gaya asman... lonely night as well as journey song. Personal fav.

Favorite lines... Hum paaas bhi hai aur door bhi hai, azaad bhi hai, majboor bhi hai...",Tezaab,https://www.imdb.com/title/tt0096252/,movie,7.0,173,1988,"Action, Drama, Romance",2117,1988-11-11,N. Chandra
197,tt0102636,2021-03-01,2021-03-01,"Tumse milke aisa laga tumse milke arman hue poore dilke, aye meri jaane bafwa...",Parinda,https://www.imdb.com/title/tt0102636/,movie,7.8,154,1989,"Action, Crime, Drama, Romance",3275,1989-11-03,Vidhu Vinod Chopra
198,tt0110438,2021-03-02,2021-03-02,"Churake dil mera goriya chali...

Paas woh aane lage zara zara...",Main Khiladi Tu Anari,https://www.imdb.com/title/tt0110438/,movie,6.5,175,1994,"Action, Comedy",5962,1994-09-23,Sameer Malkan
199,tt0164550,2021-03-02,2021-03-02,"This is one of those movies that have several good songs. Anu Malik.

Kathai Aankhon Wali Ek Ladki...

Ek Shrarat Hone Ko Hai...

Mere Mehboob Mere Sanam... (Personal favorite)",Duplicate,https://www.imdb.com/title/tt0164550/,movie,5.6,164,1998,"Action, Comedy, Crime, Thriller",7374,1998-05-08,Mahesh Bhatt
200,tt0065416,2021-03-02,2021-03-02,Roop tera mastana...,Aradhana,https://www.imdb.com/title/tt0065416/,movie,7.6,169,1969,"Drama, Musical, Romance",1796,1969-09-27,Shakti Samanta
201,tt0152256,2021-03-02,2021-03-02,"Saagar Kinare...

Chehra Hai Ya Chand Khila Hai...",Saagar,https://www.imdb.com/title/tt0152256/,movie,7.1,186,1985,"Drama, Romance",959,1985-08-09,Ramesh Sippy
202,tt0065936,2021-03-02,2021-03-02,Yeh jo mohabbat hai... Personal favorite,Kati Patang,https://www.imdb.com/title/tt0065936/,movie,7.2,167,1970,"Drama, Family, Musical, Romance",979,1970-12-31,Shakti Samanta
203,tt0066758,2021-03-02,2021-03-02,"Chingari koi bhadke... what a lyrics... Anand Bakshi

Yeh kya hua kaise hua kab hua... deep lyrics

Kuch to log kahenge... inspirational song",Amar Prem,https://www.imdb.com/title/tt0066758/,movie,8.2,143,1972,"Drama, Musical, Romance",1664,1972-01-28,Shakti Samanta
204,tt0246740,2021-03-02,2021-03-02,Mera Jeevan Kora Kagaz...,Kora Kagaz,https://www.imdb.com/title/tt0246740/,movie,7.4,125,1974,"Drama, Musical, Family, Romance",254,1974-05-04,Anil Ganguly
205,tt0072972,2021-03-02,2021-03-02,Main Pyaasa Tum... child song... beautiful,Faraar,https://www.imdb.com/title/tt0072972/,movie,6.9,136,1975,"Action, Crime, Drama, Romance, Thriller",331,1975-11-21,Shankar Mukherjee
206,tt0078241,2021-03-02,2021-03-02,Hum Bewafa Harghiz...,Shalimar,https://www.imdb.com/title/tt0078241/,movie,6.3,137,1978,"Action, Adventure, Crime",557,1978-12-31,Krishna Shah
207,tt0357926,2021-03-02,2021-03-02,Mere Mehboob Qayamat Hogi... Cult hit,Mr. X in Bombay,https://www.imdb.com/title/tt0357926/,movie,6.3,126,1964,"Romance, Sci-Fi, Thriller",130,,Shantilal Soni
208,tt0076167,2021-03-02,2021-03-02,Kya Hua Tera Wada... Personal favorite,Hum Kisise Kum Naheen,https://www.imdb.com/title/tt0076167/,movie,7.2,169,1977,"Action, Comedy, Drama, Musical, Romance",495,1977-08-25,Nasir Hussain
209,tt0061046,2021-03-02,2021-03-02,Baharo Phool Barsao...,Suraj,https://www.imdb.com/title/tt0061046/,movie,6.6,155,1966,"Romance, Musical, Action",139,1966-03-25,T. Prakash Rao
210,tt0147925,2021-03-02,2021-03-02,Dil Ke Jharoke Mein... Broken heart song,Brahmachari,https://www.imdb.com/title/tt0147925/,movie,6.8,157,1968,"Comedy, Drama, Musical, Family",395,1968-04-26,Bhappi Sonie
211,tt0074730,2021-03-02,2021-03-02,Kabhi Kabhie Mere Dil Mein... Mukesh...,Kabhie Kabhie,https://www.imdb.com/title/tt0074730/,movie,7.4,177,1976,"Drama, Romance",2057,1976-02-27,Yash Chopra
212,tt0058547,2021-03-02,2021-03-02,Dost Dost Na Raha... Cult hit,Sangam,https://www.imdb.com/title/tt0058547/,movie,7.5,238,1964,"Drama, Musical, Romance",1690,1964-06-18,Raj Kapoor
213,tt1043451,2021-03-02,2021-03-02,"Saiyan cherdebe nanad chutki leve sasural genda phool... may be my spelling mistake, but the song is good",Delhi-6,https://www.imdb.com/title/tt1043451/,movie,6.1,141,2009,Drama,7507,2009-02-18,Rakeysh Omprakash Mehra
214,tt0214931,2021-03-04,2021-03-04,"Poocho na yaar kya hua, unka deedar kya hua... what a song, though it's a revision of an old song but this version of Sonu Nigham I love very much. The video also.

The title song, uske siva kuch yaad nahin, mast...",Mast,https://www.imdb.com/title/tt0214931/,movie,5.4,153,1999,"Comedy, Musical, Romance",963,1999-10-15,Ram Gopal Varma
215,tt0109922,2021-03-04,2021-03-04,"Haye Hukku Haye Hukku Haaye Haaye... yeh ladki mere samne mera dil lie jay jay jay...

Mera mahbub ayega aha aha...

In those days, [link=nm0792911] was one of the top heroes in style, in action.

Cult dialogue, ""Mere do do baap""",Gopi Kishan,https://www.imdb.com/title/tt0109922/,movie,5.6,161,1994,"Action, Comedy, Drama",861,1994-12-02,Mukesh Duggal
216,tt0206921,2021-03-04,2021-03-15,"Chaha Hai Tujhko...

Mera Mann Kyon Tumhe Chahe...

Nasha Yeh Pyar Ka Nasha Hai, Yeh Meri Baat Yaro Maano...

Kehna, hai tumse kehna hai, rehna, hai dilme rehna hai...",Mann,https://www.imdb.com/title/tt0206921/,movie,6.2,160,1999,"Drama, Romance",5279,1999-06-22,Indra Kumar
217,tt0177483,2021-03-06,2021-03-06,Dil Tere Naam Se Dhadak Ta Hai...,Aadmi,https://www.imdb.com/title/tt0177483/,movie,5.3,153,1993,"Action, Crime, Drama, Romance",110,1993-10-03,Arshad Khan
218,tt0246879,2021-03-08,2021-07-17,Hum tumhe chahte hai aise... Marnewala koi zindagi chahata ho jaise... [link=nm0542317],Qurbani,https://www.imdb.com/title/tt0246879/,movie,7.1,157,1980,"Action, Crime, Drama, Thriller",854,1980-06-20,Feroz Khan
219,tt0151090,2021-03-08,2021-03-09,"The title song... Mere sineme tera dil dhadke, tere sineme mera dil, alag alag ab jeena hai mushkil marna hai ahsan... Jaan o mero jaan... [link=nm0542317]",Jaan,https://www.imdb.com/title/tt0151090/,movie,4.1,170,1996,"Action, Drama, Romance",569,1996-05-17,Raj Kanwar
220,tt0091598,2021-03-08,2021-03-08,Chitthi Aayee Hai Aayee Hai Chitthi Aayee Hai... A tear jerking song... [link=nm0879857],Naam,https://www.imdb.com/title/tt0091598/,movie,7.5,177,1986,"Crime, Drama, Thriller",1044,1986-08-30,Mahesh Bhatt
221,tt1024943,2021-03-09,2021-03-09,"My most favorite: Dil Mein Mere Hai Dard-e-Disco...

Another most favorite: Main Agar Kahoon Tumsa Haseen Aya Nath Mein Kahin Bhi Nahin... Super singing by [link=nm0631415] (Good singer but not good in humane, btw)

Ankhon mein teri ajab si ajab si adayen hai...

Jag Soona Soona Lage...",Om Shanti Om,https://www.imdb.com/title/tt1024943/,movie,6.7,162,2007,"Action, Comedy, Drama, Fantasy, Musical, Romance, Thriller",41348,2007-11-07,Farah Khan
222,tt0286593,2021-03-09,2021-03-09,"Kisiki ishq mein khudko mitadoon uuuuu, ho nahin sakta...",Diljale,https://www.imdb.com/title/tt0286593/,movie,5.8,159,1996,"Action, Drama, Romance",1631,1996-09-20,Harry Baweja
223,tt0105866,2021-03-10,2021-03-10,Ho jaata hai kaise pyaar na jaane koi naa jaane koi...,Yalgaar,https://www.imdb.com/title/tt0105866/,movie,5.4,192,1992,"Action, Drama, Thriller",442,1992-10-06,Feroz Khan
224,tt0172684,2021-03-11,2021-03-11,My favorite- Ladki Badi Anjaani Hai...,Kuch Kuch Hota Hai,https://www.imdb.com/title/tt0172684/,movie,7.6,177,1998,"Comedy, Drama, Musical, Romance",50577,1998-10-16,Karan Johar
225,tt0119861,2021-03-11,2021-03-15,"One of the good movies.

My favorite- Do Dil Mil Rahe Hain... &

Meri Mehbooba... what a song.

Yeh dil, dewana, dewana hai yeh dil...

Nadeem-Shravan.",Pardes,https://www.imdb.com/title/tt0119861/,movie,7.0,191,1997,"Drama, Musical, Romance",14365,1997-12-08,Subhash Ghai
226,tt0222270,2021-03-11,2021-03-11,"I like every song.

Koi hero yahan, koi zero yahan... koi star hai, koi bekar hai.. I am the best...

Romantic- Aur kya, aur kya...

My son's favorite song- Kuch to bata arreh kuchh to bata, na, na, na, na, naa...",Phir Bhi Dil Hai Hindustani,https://www.imdb.com/title/tt0222270/,movie,6.2,160,2000,"Comedy, Drama, Musical, Romance",7337,2000-01-21,Aziz Mirza
227,tt0113526,2021-03-11,2021-03-11,"Suraj kab door gagan se... I love this song. Three legends together [link=nm0764384], [link=nm0621257], [link=nm0003504]

Jaati hoon mein, jaldi hai kya...",Karan Arjun,https://www.imdb.com/title/tt0113526/,movie,6.8,175,1995,"Action, Drama, Fantasy, Romance",13813,1995-01-13,Rakesh Roshan
228,tt0220832,2021-03-16,2021-03-16,"Meri dunya hai tujhme kahin, tere bin mein kya kuch bhi nahin... what a romantic song, touches the heart.",Vaastav: The Reality,https://www.imdb.com/title/tt0220832/,movie,8.0,145,1999,"Action, Crime, Drama, Thriller",13375,1999-10-07,Mahesh Manjrekar
229,tt0255112,2021-03-19,2021-03-19,Do lafzome likh dia maine apni prem kahani...,Dhaai Akshar Prem Ke,https://www.imdb.com/title/tt0255112/,movie,3.7,167,2000,"Drama, Romance",1359,2000-09-29,Raj Kanwar
230,tt0243472,2021-04-12,2021-04-12,"Chori chori yun jab ho aankhen char... what a song, cult hit, cult dances.

The voice of Kishore Kumar is world's best. Way different from his own voice. One of the best songs ever.",Paap Ki Duniya,https://www.imdb.com/title/tt0243472/,movie,5.0,168,1988,"Action, Drama, Romance",113,1988-03-18,Shibu Mitra
231,tt0473367,2021-05-12,2021-05-12,"Kahin to, hogi woh... one of the greatest romantic songs ever!",Jaane Tu... Ya Jaane Na,https://www.imdb.com/title/tt0473367/,movie,7.5,155,2008,"Comedy, Drama, Romance",26337,2008-07-04,Abbas Tyrewala
232,tt0272736,2021-06-02,2021-06-21,"Andekhi anjani si...
Jaane dilme kabse hai tu...
Sawalsi ek ladki, dhadkan jaise dil ki...",Mujhse Dosti Karoge!,https://www.imdb.com/title/tt0272736/,movie,5.1,149,2002,"Comedy, Drama, Family, Musical, Romance",5392,2002-08-08,Kunal Kohli
233,tt0265148,2021-06-03,2021-06-21,"Aj mein hoon, aur tum ho, aur mohabbat hai...
Kasam ki kasam...",Main Prem Ki Diwani Hoon,https://www.imdb.com/title/tt0265148/,movie,4.0,197,2003,"Comedy, Drama, Musical, Romance",4555,2003-06-27,Sooraj R. Barjatya
234,tt0077609,2021-06-16,2021-06-21,Phir wahi raat hai...,Ghar,https://www.imdb.com/title/tt0077609/,movie,7.0,121,1978,"Drama, Romance",210,1978-02-09,"Manik Chatterjee, Gulzar"
235,tt0451850,2021-06-19,2021-06-21,"Dhire jalna dhire jalna dhire jalna...
Also an offbeat movie. I love this poetic tale of a ghost.",Paheli,https://www.imdb.com/title/tt0451850/,movie,6.5,140,2005,"Comedy, Drama, Fantasy, Musical, Romance",12985,2005-06-22,Amol Palekar
236,tt0108001,2021-07-17,2021-07-17,"Dil hoom hoom kare, ghabraye... I listened to this song repeatedly 20 times, I loved and loved it. Bhupen Hajarika, devine voice. It has a Lata Mangeshkar voiced, but Bhupen Hajarika's one is best.",Rudaali,https://www.imdb.com/title/tt0108001/,movie,7.3,128,1993,Drama,517,1993-06-18,Kalpana Lajmi
237,tt0286664,2021-08-14,2021-10-05,"Nazrmein chayi nasha, bahon mein aja zara, tanha na ab hum rahe, bahon kho ja zara... I know most of us never seen this movie, and listened to this song... it's a gem.

Har pal chaye mera dil tumko hi dekha karoon... what a song man! Kumar Sanu your'e best.",Gudgudee,https://www.imdb.com/title/tt0286664/,movie,4.1,138,1997,"Musical, Romance",360,,Basu Chatterjee
238,tt2166214,2021-08-30,2021-10-05,"Himesh Reshammiya is a true genius.

Part sharty karenge.. long drive mein chal...

Hokkah bar...

Lonely...

Sari sari raat...",Khiladi 786,https://www.imdb.com/title/tt2166214/,movie,4.3,141,2012,"Action, Comedy",6861,2012-12-06,Ashish R. Mohan
239,tt0986213,2021-09-07,2021-10-05,O re piya hay... my nostalgic song.,Aaja Nachle,https://www.imdb.com/title/tt0986213/,movie,6.2,137,2007,"Drama, Family, Music, Romance",3088,2007-11-30,Anil Mehta
240,tt0216067,2021-09-15,2021-10-05,"Musafir hoon yaron, na ghar hai na thikana...",Parichay,https://www.imdb.com/title/tt0216067/,movie,7.5,145,1972,"Drama, Family, Musical, Romance",855,1972-10-18,Gulzar
241,tt0422950,2021-09-16,2021-10-05,"Jeene ke ishare mil gaye, bichre the kinare mi gaye...",Phir Milenge,https://www.imdb.com/title/tt0422950/,movie,6.1,142,2004,Drama,2084,2004-08-13,Revathi
242,tt0451787,2021-09-27,2021-10-05,"Jhatka maare...

Kyun ki itna pyar tumko karte hai hum...

Dil keh raha hai tumse yun rishta jor loon...",Kyon Ki...,https://www.imdb.com/title/tt0451787/,movie,5.6,160,2005,"Drama, Romance",4053,2005-11-03,Priyadarshan
243,tt0246839,2021-10-05,2021-10-05,"Ghar se nikal te hi, kuch dur chalte hi, raste mein hai uska ghar... nostalgic song

This movie's other songs are also very good.",Papa Kahte Hain,https://www.imdb.com/title/tt0246839/,movie,4.7,143,1996,Comedy,216,1996-05-17,Mahesh Bhatt
244,tt0305714,2021-10-05,2021-10-05,Mustafa mustafa don't worry mustafa hum hai tumhare mustafa...,Kadhal Desam,https://www.imdb.com/title/tt0305714/,movie,6.7,158,1996,"Comedy, Drama, Romance",481,1996-08-23,Kathir
245,tt0263491,2021-10-15,2021-10-15,,Jis Desh Mein Ganga Rehta Hain,https://www.imdb.com/title/tt0263491/,movie,4.9,141,2000,"Comedy, Crime, Drama, Musical, Romance",1233,2000-10-13,Mahesh Manjrekar
246,tt0297241,2021-10-18,2021-10-18,,Kyo Kii... Main Jhuth Nahin Bolta,https://www.imdb.com/title/tt0297241/,movie,5.4,131,2001,"Action, Comedy, Drama",2112,2001-09-21,David Dhawan
